{
  "practice_accuracy": 0.914,
  "timing_mae": 0.27877219403545306,
  "priority_accuracy": 0.919,
  "test_samples": 1000,
  "trained_at": "2025-10-28T04:23:56.668741"
}